-- ============================================================
-- WORLD CUP PREDICTOR — Migration 002: Seed Data (WC 2026)
-- All UUIDs are valid (hex chars 0-9 a-f only)
-- ============================================================

-- Competition
INSERT INTO competitions (id, name, short_name, type, season, start_date, end_date, is_active)
VALUES (
  'a1b2c3d4-e5f6-7890-abcd-ef1234567890',
  'FIFA World Cup 2026', 'WC2026', 'world_cup', '2026',
  '2026-06-11', '2026-07-19', TRUE
);

-- ─── Groups ───────────────────────────────────────────────────
INSERT INTO groups (id, competition_id, name, letter) VALUES
  ('00000000-0000-4000-a000-0000000000a1', 'a1b2c3d4-e5f6-7890-abcd-ef1234567890', 'Group A', 'A'),
  ('00000000-0000-4000-a000-0000000000b2', 'a1b2c3d4-e5f6-7890-abcd-ef1234567890', 'Group B', 'B'),
  ('00000000-0000-4000-a000-0000000000c3', 'a1b2c3d4-e5f6-7890-abcd-ef1234567890', 'Group C', 'C'),
  ('00000000-0000-4000-a000-0000000000d4', 'a1b2c3d4-e5f6-7890-abcd-ef1234567890', 'Group D', 'D'),
  ('00000000-0000-4000-a000-0000000000e5', 'a1b2c3d4-e5f6-7890-abcd-ef1234567890', 'Group E', 'E'),
  ('00000000-0000-4000-a000-0000000000f6', 'a1b2c3d4-e5f6-7890-abcd-ef1234567890', 'Group F', 'F'),
  ('00000000-0000-4000-a000-000000000a07', 'a1b2c3d4-e5f6-7890-abcd-ef1234567890', 'Group G', 'G'),
  ('00000000-0000-4000-a000-000000000b08', 'a1b2c3d4-e5f6-7890-abcd-ef1234567890', 'Group H', 'H'),
  ('00000000-0000-4000-a000-000000000c09', 'a1b2c3d4-e5f6-7890-abcd-ef1234567890', 'Group I', 'I'),
  ('00000000-0000-4000-a000-000000000d10', 'a1b2c3d4-e5f6-7890-abcd-ef1234567890', 'Group J', 'J'),
  ('00000000-0000-4000-a000-000000000e11', 'a1b2c3d4-e5f6-7890-abcd-ef1234567890', 'Group K', 'K'),
  ('00000000-0000-4000-a000-000000000f12', 'a1b2c3d4-e5f6-7890-abcd-ef1234567890', 'Group L', 'L');

-- ─── Teams ────────────────────────────────────────────────────
INSERT INTO teams (id, name, short_name, code, confederation, fifa_ranking, elo_rating, coach, competition_id, group_id) VALUES
  -- Group C
  ('10000000-0000-4000-a000-000000000001', 'Brasil', 'BRA', 'BRA', 'CONMEBOL', 5, 2050, 'Carlo Ancelotti', 'a1b2c3d4-e5f6-7890-abcd-ef1234567890', '00000000-0000-4000-a000-0000000000c3'),
  ('10000000-0000-4000-a000-000000000002', 'Marruecos', 'MAR', 'MAR', 'CAF', 14, 1780, 'Mohamed Ouahbi', 'a1b2c3d4-e5f6-7890-abcd-ef1234567890', '00000000-0000-4000-a000-0000000000c3'),
  ('10000000-0000-4000-a000-000000000003', 'Haiti', 'HAI', 'HAI', 'CONCACAF', 82, 1380, 'Marc Collat', 'a1b2c3d4-e5f6-7890-abcd-ef1234567890', '00000000-0000-4000-a000-0000000000c3'),
  ('10000000-0000-4000-a000-000000000004', 'Escocia', 'SCO', 'SCO', 'UEFA', 39, 1680, 'Steve Clarke', 'a1b2c3d4-e5f6-7890-abcd-ef1234567890', '00000000-0000-4000-a000-0000000000c3'),
  -- Group B
  ('10000000-0000-4000-a000-000000000005', 'Canada', 'CAN', 'CAN', 'CONCACAF', 38, 1710, 'Jesse Marsch', 'a1b2c3d4-e5f6-7890-abcd-ef1234567890', '00000000-0000-4000-a000-0000000000b2'),
  ('10000000-0000-4000-a000-000000000006', 'Qatar', 'QAT', 'QAT', 'AFC', 58, 1530, 'Julen Lopetegui', 'a1b2c3d4-e5f6-7890-abcd-ef1234567890', '00000000-0000-4000-a000-0000000000b2'),
  ('10000000-0000-4000-a000-000000000007', 'Suiza', 'SUI', 'SUI', 'UEFA', 20, 1810, 'Murat Yakin', 'a1b2c3d4-e5f6-7890-abcd-ef1234567890', '00000000-0000-4000-a000-0000000000b2'),
  -- Group D
  ('10000000-0000-4000-a000-000000000008', 'Estados Unidos', 'USA', 'USA', 'CONCACAF', 11, 1875, 'Mauricio Pochettino', 'a1b2c3d4-e5f6-7890-abcd-ef1234567890', '00000000-0000-4000-a000-0000000000d4'),
  ('10000000-0000-4000-a000-000000000009', 'Paraguay', 'PAR', 'PAR', 'CONMEBOL', 62, 1580, 'Gustavo Alfaro', 'a1b2c3d4-e5f6-7890-abcd-ef1234567890', '00000000-0000-4000-a000-0000000000d4'),
  ('10000000-0000-4000-a000-00000000000a', 'Australia', 'AUS', 'AUS', 'AFC', 24, 1750, 'Tony Popovic', 'a1b2c3d4-e5f6-7890-abcd-ef1234567890', '00000000-0000-4000-a000-0000000000d4'),
  ('10000000-0000-4000-a000-00000000000b', 'Turquia', 'TUR', 'TUR', 'UEFA', 28, 1760, 'Vincenzo Montella', 'a1b2c3d4-e5f6-7890-abcd-ef1234567890', '00000000-0000-4000-a000-0000000000d4');

-- ─── Group standings ──────────────────────────────────────────
INSERT INTO group_standings (group_id, team_id, qualification_probability, top_spot_probability) VALUES
  ('00000000-0000-4000-a000-0000000000c3', '10000000-0000-4000-a000-000000000001', 88.5, 65.2),
  ('00000000-0000-4000-a000-0000000000c3', '10000000-0000-4000-a000-000000000002', 72.3, 25.1),
  ('00000000-0000-4000-a000-0000000000c3', '10000000-0000-4000-a000-000000000003', 8.4, 2.1),
  ('00000000-0000-4000-a000-0000000000c3', '10000000-0000-4000-a000-000000000004', 30.8, 7.6),
  ('00000000-0000-4000-a000-0000000000b2', '10000000-0000-4000-a000-000000000005', 75.0, 45.0),
  ('00000000-0000-4000-a000-0000000000b2', '10000000-0000-4000-a000-000000000006', 15.0, 5.0),
  ('00000000-0000-4000-a000-0000000000b2', '10000000-0000-4000-a000-000000000007', 70.0, 40.0),
  ('00000000-0000-4000-a000-0000000000d4', '10000000-0000-4000-a000-000000000008', 82.0, 55.0),
  ('00000000-0000-4000-a000-0000000000d4', '10000000-0000-4000-a000-000000000009', 35.0, 10.0),
  ('00000000-0000-4000-a000-0000000000d4', '10000000-0000-4000-a000-00000000000a', 55.0, 20.0),
  ('00000000-0000-4000-a000-0000000000d4', '10000000-0000-4000-a000-00000000000b', 58.0, 15.0);

-- ─── Team statistics ──────────────────────────────────────────
INSERT INTO team_statistics (team_id, competition_id, avg_goals_scored, avg_goals_conceded, avg_possession, avg_shots, avg_shots_on_target, avg_xg, avg_xga, form) VALUES
  ('10000000-0000-4000-a000-000000000001', 'a1b2c3d4-e5f6-7890-abcd-ef1234567890', 2.4, 0.8, 58.2, 16.3, 6.1, 2.1, 0.9, ARRAY['W','W','W','D','W']::form_result[]),
  ('10000000-0000-4000-a000-000000000002', 'a1b2c3d4-e5f6-7890-abcd-ef1234567890', 1.6, 0.6, 42.1, 11.2, 4.8, 1.4, 0.8, ARRAY['W','D','W','W','W']::form_result[]),
  ('10000000-0000-4000-a000-000000000003', 'a1b2c3d4-e5f6-7890-abcd-ef1234567890', 1.0, 2.1, 38.5, 9.1, 3.2, 0.9, 1.8, ARRAY['L','D','L','W','L']::form_result[]),
  ('10000000-0000-4000-a000-000000000004', 'a1b2c3d4-e5f6-7890-abcd-ef1234567890', 1.4, 1.2, 48.3, 12.8, 4.9, 1.3, 1.1, ARRAY['W','W','D','L','W']::form_result[]),
  ('10000000-0000-4000-a000-000000000008', 'a1b2c3d4-e5f6-7890-abcd-ef1234567890', 2.1, 0.9, 54.1, 14.8, 5.8, 1.9, 1.0, ARRAY['W','W','W','D','W']::form_result[]);

-- ─── Players — Brasil ─────────────────────────────────────────
INSERT INTO players (id, team_id, name, short_name, number, position, nationality, date_of_birth, club_name, market_value_euros, status) VALUES
  ('20000000-0000-4000-a000-000000000001', '10000000-0000-4000-a000-000000000001', 'Alisson Becker', 'Alisson', 1, 'GK', 'Brasilena', '1992-10-02', 'Liverpool', 30000000, 'available'),
  ('20000000-0000-4000-a000-000000000002', '10000000-0000-4000-a000-000000000001', 'Danilo', 'Danilo', 13, 'RB', 'Brasilena', '1991-07-15', 'Juventus', 8000000, 'available'),
  ('20000000-0000-4000-a000-000000000003', '10000000-0000-4000-a000-000000000001', 'Marquinhos', 'Marquinhos', 4, 'CB', 'Brasilena', '1994-05-14', 'PSG', 45000000, 'available'),
  ('20000000-0000-4000-a000-000000000004', '10000000-0000-4000-a000-000000000001', 'Gabriel Magalhaes', 'Gabriel', 3, 'CB', 'Brasilena', '1997-12-19', 'Arsenal', 55000000, 'available'),
  ('20000000-0000-4000-a000-000000000005', '10000000-0000-4000-a000-000000000001', 'Alex Sandro', 'A. Sandro', 6, 'LB', 'Brasilena', '1991-01-26', 'Flamengo', 5000000, 'available'),
  ('20000000-0000-4000-a000-000000000006', '10000000-0000-4000-a000-000000000001', 'Casemiro', 'Casemiro', 5, 'CDM', 'Brasilena', '1992-02-23', 'Man. United', 20000000, 'available'),
  ('20000000-0000-4000-a000-000000000007', '10000000-0000-4000-a000-000000000001', 'Bruno Guimaraes', 'B. Guimaraes', 8, 'CM', 'Brasilena', '1997-11-16', 'Newcastle', 70000000, 'available'),
  ('20000000-0000-4000-a000-000000000008', '10000000-0000-4000-a000-000000000001', 'Raphinha', 'Raphinha', 11, 'RW', 'Brasilena', '1996-12-14', 'Barcelona', 75000000, 'available'),
  ('20000000-0000-4000-a000-000000000009', '10000000-0000-4000-a000-000000000001', 'Lucas Paqueta', 'Paqueta', 20, 'CAM', 'Brasilena', '1997-08-27', 'West Ham', 55000000, 'available'),
  ('20000000-0000-4000-a000-00000000000a', '10000000-0000-4000-a000-000000000001', 'Vinicius Junior', 'Vini Jr.', 7, 'LW', 'Brasilena', '2000-07-12', 'Real Madrid', 200000000, 'available'),
  ('20000000-0000-4000-a000-00000000000b', '10000000-0000-4000-a000-000000000001', 'Matheus Cunha', 'M. Cunha', 9, 'ST', 'Brasilena', '1999-05-27', 'Wolves', 50000000, 'available'),
  ('20000000-0000-4000-a000-00000000000c', '10000000-0000-4000-a000-000000000001', 'Neymar Jr.', 'Neymar', 10, 'LW', 'Brasilena', '1992-02-05', 'Santos', 25000000, 'doubt');

-- ─── Players — Marruecos ──────────────────────────────────────
INSERT INTO players (id, team_id, name, short_name, number, position, nationality, date_of_birth, club_name, market_value_euros, status) VALUES
  ('20000000-0000-4000-a000-000000000020', '10000000-0000-4000-a000-000000000002', 'Yassine Bounou', 'Bono', 1, 'GK', 'Marroqui', '1991-04-05', 'Al-Hilal', 18000000, 'available'),
  ('20000000-0000-4000-a000-000000000021', '10000000-0000-4000-a000-000000000002', 'Achraf Hakimi', 'Hakimi', 2, 'RB', 'Marroqui', '1998-11-04', 'PSG', 80000000, 'available'),
  ('20000000-0000-4000-a000-000000000022', '10000000-0000-4000-a000-000000000002', 'Nayef Aguerd', 'Aguerd', 5, 'CB', 'Marroqui', '1996-03-30', 'West Ham', 22000000, 'injured'),
  ('20000000-0000-4000-a000-000000000023', '10000000-0000-4000-a000-000000000002', 'Chadi Riad', 'C. Riad', 18, 'CB', 'Marroqui', '2003-08-03', 'Crystal Palace', 15000000, 'available'),
  ('20000000-0000-4000-a000-000000000024', '10000000-0000-4000-a000-000000000002', 'Sofyan Amrabat', 'Amrabat', 4, 'CDM', 'Marroqui', '1996-08-21', 'Fenerbahce', 18000000, 'available'),
  ('20000000-0000-4000-a000-000000000025', '10000000-0000-4000-a000-000000000002', 'Azzedine Ounahi', 'Ounahi', 8, 'CM', 'Marroqui', '2000-04-06', 'Girona', 20000000, 'available'),
  ('20000000-0000-4000-a000-000000000026', '10000000-0000-4000-a000-000000000002', 'Brahim Diaz', 'B. Diaz', 10, 'CAM', 'Marroqui', '1999-08-03', 'Real Madrid', 45000000, 'available'),
  ('20000000-0000-4000-a000-000000000027', '10000000-0000-4000-a000-000000000002', 'Bilal El Khannouss', 'El Khannouss', 23, 'CAM', 'Marroqui', '2004-05-10', 'Stuttgart', 28000000, 'available'),
  ('20000000-0000-4000-a000-000000000028', '10000000-0000-4000-a000-000000000002', 'Hakim Ziyech', 'Ziyech', 7, 'RW', 'Marroqui', '1993-03-19', 'Al-Duhail', 8000000, 'available'),
  ('20000000-0000-4000-a000-000000000029', '10000000-0000-4000-a000-000000000002', 'Youssef En-Nesyri', 'En-Nesyri', 19, 'ST', 'Marroqui', '1997-06-01', 'Fenerbahce', 25000000, 'available'),
  ('20000000-0000-4000-a000-00000000002a', '10000000-0000-4000-a000-000000000002', 'Abde Ezzalzouli', 'Abde', 17, 'LW', 'Marroqui', '2001-12-17', 'Real Betis', 20000000, 'injured');

-- ─── Injuries ─────────────────────────────────────────────────
INSERT INTO injuries (player_id, team_id, competition_id, injury_type, description, is_active, impact_score) VALUES
  ('20000000-0000-4000-a000-00000000000c', '10000000-0000-4000-a000-000000000001', 'a1b2c3d4-e5f6-7890-abcd-ef1234567890', 'muscular', 'Lesion muscular en muslo izquierdo. En tratamiento previo al torneo.', TRUE, 7.5),
  ('20000000-0000-4000-a000-000000000022', '10000000-0000-4000-a000-000000000002', 'a1b2c3d4-e5f6-7890-abcd-ef1234567890', 'muscular', 'Lesion muscular. Baja confirmada para el debut.', TRUE, 8.0),
  ('20000000-0000-4000-a000-00000000002a', '10000000-0000-4000-a000-000000000002', 'a1b2c3d4-e5f6-7890-abcd-ef1234567890', 'muscular', 'Lesion en banda izquierda. Baja confirmada.', TRUE, 6.5);

-- ─── Matches — Group C ────────────────────────────────────────
INSERT INTO matches (id, competition_id, group_id, phase, match_number, status, home_team_id, away_team_id, kickoff_time, venue, city, country, weather_condition, weather_temp_celsius) VALUES
  ('30000000-0000-4000-a000-000000000001', 'a1b2c3d4-e5f6-7890-abcd-ef1234567890', '00000000-0000-4000-a000-0000000000c3', 'group', 13, 'scheduled', '10000000-0000-4000-a000-000000000001', '10000000-0000-4000-a000-000000000002', '2026-06-13T21:00:00Z', 'MetLife Stadium', 'East Rutherford', 'USA', 'Clear', 24),
  ('30000000-0000-4000-a000-000000000002', 'a1b2c3d4-e5f6-7890-abcd-ef1234567890', '00000000-0000-4000-a000-0000000000c3', 'group', 14, 'scheduled', '10000000-0000-4000-a000-000000000003', '10000000-0000-4000-a000-000000000004', '2026-06-14T00:00:00Z', 'Gillette Stadium', 'Foxborough', 'USA', 'Clear', 21),
  ('30000000-0000-4000-a000-000000000003', 'a1b2c3d4-e5f6-7890-abcd-ef1234567890', '00000000-0000-4000-a000-0000000000c3', 'group', 28, 'scheduled', '10000000-0000-4000-a000-000000000004', '10000000-0000-4000-a000-000000000002', '2026-06-19T21:00:00Z', 'Gillette Stadium', 'Foxborough', 'USA', NULL, NULL),
  ('30000000-0000-4000-a000-000000000004', 'a1b2c3d4-e5f6-7890-abcd-ef1234567890', '00000000-0000-4000-a000-0000000000c3', 'group', 29, 'scheduled', '10000000-0000-4000-a000-000000000001', '10000000-0000-4000-a000-000000000003', '2026-06-20T00:00:00Z', 'Lincoln Financial Field', 'Philadelphia', 'USA', NULL, NULL),
  ('30000000-0000-4000-a000-000000000005', 'a1b2c3d4-e5f6-7890-abcd-ef1234567890', '00000000-0000-4000-a000-0000000000c3', 'group', 44, 'scheduled', '10000000-0000-4000-a000-000000000004', '10000000-0000-4000-a000-000000000001', '2026-06-25T00:00:00Z', 'Hard Rock Stadium', 'Miami', 'USA', NULL, NULL),
  ('30000000-0000-4000-a000-000000000006', 'a1b2c3d4-e5f6-7890-abcd-ef1234567890', '00000000-0000-4000-a000-0000000000c3', 'group', 45, 'scheduled', '10000000-0000-4000-a000-000000000002', '10000000-0000-4000-a000-000000000003', '2026-06-25T00:00:00Z', 'Mercedes-Benz Stadium', 'Atlanta', 'USA', NULL, NULL);

-- ─── Prediction — Brasil vs Marruecos ────────────────────────
INSERT INTO predictions (id, match_id, home_win_probability, draw_probability, away_win_probability, predicted_home_score, predicted_away_score, confidence_level, confidence_score, model_version, is_published) VALUES
  ('40000000-0000-4000-a000-000000000001', '30000000-0000-4000-a000-000000000001', 0.5800, 0.2500, 0.1700, 2, 0, 3, 71.5, '1.0.0', TRUE);

-- Exact scores
INSERT INTO exact_score_predictions (prediction_id, home_score, away_score, probability, rank) VALUES
  ('40000000-0000-4000-a000-000000000001', 1, 0, 0.1800, 1),
  ('40000000-0000-4000-a000-000000000001', 2, 0, 0.1400, 2),
  ('40000000-0000-4000-a000-000000000001', 1, 1, 0.1300, 3),
  ('40000000-0000-4000-a000-000000000001', 2, 1, 0.1200, 4),
  ('40000000-0000-4000-a000-000000000001', 0, 0, 0.1000, 5),
  ('40000000-0000-4000-a000-000000000001', 0, 1, 0.0700, 6),
  ('40000000-0000-4000-a000-000000000001', 3, 0, 0.0600, 7),
  ('40000000-0000-4000-a000-000000000001', 2, 2, 0.0500, 8),
  ('40000000-0000-4000-a000-000000000001', 1, 2, 0.0500, 9),
  ('40000000-0000-4000-a000-000000000001', 3, 1, 0.0400, 10);

-- ─── Odds ─────────────────────────────────────────────────────
INSERT INTO odds (match_id, bookmaker, market, odds_value, implied_probability, recorded_at) VALUES
  ('30000000-0000-4000-a000-000000000001', 'Bet365', 'home_win', 1.65, 0.6061, NOW()),
  ('30000000-0000-4000-a000-000000000001', 'Bet365', 'draw', 3.75, 0.2667, NOW()),
  ('30000000-0000-4000-a000-000000000001', 'Bet365', 'away_win', 5.25, 0.1905, NOW()),
  ('30000000-0000-4000-a000-000000000001', 'Bet365', 'over_2_5', 2.10, 0.4762, NOW()),
  ('30000000-0000-4000-a000-000000000001', 'Bet365', 'btts_yes', 2.05, 0.4878, NOW()),
  ('30000000-0000-4000-a000-000000000001', 'Bet365', 'btts_no', 1.75, 0.5714, NOW()),
  ('30000000-0000-4000-a000-000000000001', 'Betway', 'home_win', 1.70, 0.5882, NOW()),
  ('30000000-0000-4000-a000-000000000001', 'Betway', 'clean_sheet_home', 2.20, 0.4545, NOW());

-- ─── Value Bets ───────────────────────────────────────────────
INSERT INTO value_bets (match_id, prediction_id, market, bookmaker, odds_value, implied_probability, model_probability, expected_value, edge, grade, stake_suggestion_percent) VALUES
  ('30000000-0000-4000-a000-000000000001', '40000000-0000-4000-a000-000000000001', 'btts_no', 'Bet365', 1.75, 0.5714, 0.5500, (1.75 * 0.5500) - 1, 0.5500 - 0.5714, 'low', 1.5),
  ('30000000-0000-4000-a000-000000000001', '40000000-0000-4000-a000-000000000001', 'clean_sheet_home', 'Betway', 2.20, 0.4545, 0.4800, (2.20 * 0.4800) - 1, 0.4800 - 0.4545, 'medium', 2.5);

-- ─── Player statistics ────────────────────────────────────────
INSERT INTO player_statistics (player_id, competition_id, matches_played, minutes_played, goals, assists, shots, shots_on_target, avg_rating, form_score, physical_condition) VALUES
  ('20000000-0000-4000-a000-00000000000a', 'a1b2c3d4-e5f6-7890-abcd-ef1234567890', 0, 0, 0, 0, 0, 0, 8.2, 8.5, 95),
  ('20000000-0000-4000-a000-000000000008', 'a1b2c3d4-e5f6-7890-abcd-ef1234567890', 0, 0, 0, 0, 0, 0, 7.9, 8.1, 98),
  ('20000000-0000-4000-a000-000000000007', 'a1b2c3d4-e5f6-7890-abcd-ef1234567890', 0, 0, 0, 0, 0, 0, 8.0, 8.0, 97),
  ('20000000-0000-4000-a000-000000000026', 'a1b2c3d4-e5f6-7890-abcd-ef1234567890', 0, 0, 0, 0, 0, 0, 7.8, 8.3, 96),
  ('20000000-0000-4000-a000-000000000021', 'a1b2c3d4-e5f6-7890-abcd-ef1234567890', 0, 0, 0, 0, 0, 0, 7.6, 7.9, 94),
  ('20000000-0000-4000-a000-00000000000c', 'a1b2c3d4-e5f6-7890-abcd-ef1234567890', 0, 0, 0, 0, 0, 0, 7.5, 6.5, 60);
